Ticker,Name,Inception Date,Last Price,Below 52W High %,Below All-Time High %,RSI,Volatility (1M),Volatility (3M),Volatility (6M),Volatility (1Y),Fund Flows/Periodic (M),Fund Flows/Periodic (W),Fund Flows/Periodic (Y),EMA (10D),EMA (20D),EMA (50D),EMA (100D),EMA (150D),EMA (200D),EMA (250D),EMA (300D),EMA (5D),EMA (21D),RSI 10D,Price Chg. % (1M),Price Chg. % (3M),Price Chg. % (1W),Price Chg. % (6M),Price Chg. % (1Y),Price Chg. % (3Y),Price Chg. % (5Y),Price Chg. % (10Y),Classification,All-Time High,All-Time Low,AUM,Class,Rel. Volume,30-Day SEC Yield,SEC Yield,P/E (LTM),P/E (NTM),Div Yield (Ind)
AGG,iShares Core U.S. Bond ETF,Sep-22-2003,99.6650,-0.0177,-0.1676,53.00,5.28,4.28,3.66,4.05,-3265.76,139.18,10526.75,99.4317,99.4162,99.6849,99.8378,99.7859,99.6668,99.5225,99.4091,99.5637,99.4240,56.26,0.0046,-0.0055,0.0024,-0.0107,0.0190,0.0027,-0.1321,-0.1017,US Fixed Income,119.7300,86.8000,136233.16,Fixed Income/Broad Debt/Investment Grade,0.5,0.0431,0.0436,,,0.0390
BDRY,Amplify Dry Bulk ETF,Mar-22-2018,11.3520,-0.1026,-0.7311,61.38,46.25,47.36,42.62,42.90,0.51,-1.04,-47.45,10.7794,10.6210,10.5316,10.0708,9.6113,9.2875,9.1134,9.0930,11.0584,10.6178,65.80,0.0822,0.1975,0.0709,0.3324,0.9951,0.2353,-0.4408,,Other Sector Equity,42.2199,3.7500,48.98,Multi Asset/Absolute Returns/Global Macro,2.6,,,,,
BKLN,Invesco Senior Loan ETF,Mar-03-2011,20.5650,-0.0240,-0.1891,55.49,4.65,5.00,3.83,3.20,645.48,168.15,251.06,20.5165,20.4993,20.5499,20.6547,20.7176,20.7592,20.7901,20.8142,20.5365,20.4991,58.46,0.0051,-0.0226,-0.0017,-0.0141,-0.0017,-0.0184,-0.0736,-0.0956,US Fixed Income,25.3600,17.0600,6521.71,Fixed Income/Corporate/Loans,0.9,0.0680,0.0681,,,0.0700
BNDX,Vanguard Total Int'l Bond ETF,May-31-2013,48.1150,-0.0364,-0.1882,49.28,6.27,4.48,3.54,3.36,495.33,207.41,15632.97,48.0703,48.0931,48.3004,48.5642,48.7311,48.8385,48.9044,48.9509,48.1068,48.0994,51.10,0.0024,-0.0098,-0.0034,-0.0333,-0.0189,-0.0090,-0.1594,-0.1184,Global Fixed Income,59.2700,46.8731,78036.47,Fixed Income/Broad Debt/Investment Grade,0.8,0.0326,0.0326,7.5,7.8,0.0445
BWET,Amplify Breakwave Tanker ETF,May-03-2023,118.7750,-0.3398,-0.3398,51.84,167.51,139.72,112.51,88.19,2.84,-8.74,9.98,138.3253,123.3251,91.2207,65.8075,52.8921,45.0601,39.8603,36.2529,141.0030,121.8761,47.12,0.9942,2.7257,-0.1987,6.3682,10.1421,,,,Commodities Specified,179.8999,9.0600,50.68,Commodities/Sector/Energy,1.0,,,,,
CANE,Teucrium Sugar ETF,Sep-16-2011,9.1850,-0.2294,-0.6525,33.98,27.61,23.26,20.78,19.66,37.15,-26.12,51.28,9.6140,9.7795,9.7469,9.7664,9.9118,10.0950,10.2743,10.4528,9.3956,9.7840,29.01,-0.0589,-0.0311,-0.0531,-0.0782,-0.1950,-0.2587,0.2007,-0.1136,Commodities Specified,26.4300,4.9100,53.22,Commodities/Agriculture/Sugar,0.4,,,,,
CORN,Teucrium Corn ETF,Jun-09-2010,18.0750,-0.0853,-0.6571,48.54,15.68,14.05,14.37,14.67,151.68,-44.13,203.16,18.0113,18.1200,18.0530,17.9293,17.9064,17.9462,18.0244,18.1146,17.9247,18.1234,48.35,-0.0319,0.0601,0.0047,0.0376,-0.0731,-0.2802,-0.0177,-0.1538,Commodities Specified,52.7100,11.5200,239.01,Commodities/Agriculture/Corn,0.4,,,,,
CPER,US Copper Index Fund,Nov-15-2011,37.2880,-0.0779,-0.0779,67.24,32.78,33.34,30.18,34.52,-146.71,-17.79,467.98,35.8214,35.2872,35.1306,34.5263,33.7906,33.1234,32.5278,32.0158,36.5661,35.2684,74.60,0.0709,0.0141,0.0578,0.2130,0.2853,0.4832,0.4281,1.5912,Commodities Specified,40.4400,12.8700,722.22,Commodities/Industrial Metals/Copper,1.0,,,,,
CWB,SPDR Convertible ETF,Apr-14-2009,99.1160,-0.0003,-0.0003,70.02,20.65,17.96,16.40,13.27,-667.51,115.91,161.91,96.3053,94.9408,93.8536,92.6767,91.3436,89.9965,88.6942,87.4271,97.7789,94.8664,75.93,0.0768,0.0587,0.0283,0.0610,0.3279,0.4822,0.1496,1.2901,Convertibles,99.1500,30.0000,4839.64,Fixed Income/Corporate/Convertibles,8.9,,0.0164,41.8,17.0,0.0151
DBA,Invesco DB Ag Fund,Jan-05-2007,27.1750,-0.0298,-0.3753,61.41,9.20,7.41,9.51,10.68,307.65,-49.90,316.27,27.0346,26.9457,26.6293,26.4485,26.4131,26.3782,26.3039,26.1774,27.0607,26.9338,61.54,0.0159,0.0619,0.0114,0.0224,0.0396,0.2996,0.5502,0.3230,Commodities Specified,43.5000,13.1500,1169.21,Commodities/Agriculture/Broad Agriculture,0.9,,,,,0.0336
DBB,Invesco DB Base Metals ETF,Jan-05-2007,25.0750,-0.0365,-0.2649,68.34,21.75,24.34,21.34,18.02,-11.51,19.44,170.39,24.2820,23.9677,23.7307,23.2184,22.6741,22.2186,21.8426,21.5437,24.6727,23.9529,75.38,0.0545,0.0323,0.0487,0.2021,0.3993,0.2544,0.2859,0.9917,Commodities Specified,34.1100,10.9001,327.28,Commodities/Industrial Metals/Broad Industrials,0.6,,,,,0.0239
DBO,Invesco DB Oil ETF,Jan-05-2007,20.1050,-0.0610,-0.6387,58.58,40.68,43.45,36.08,33.19,-65.88,-32.97,3.39,19.9371,19.6368,17.9497,16.2370,15.4340,15.0140,14.7850,14.6564,19.9996,19.5875,56.42,-0.0217,0.6020,0.0242,0.5956,0.6071,0.2880,0.7871,1.5353,Commodities Specified,55.6500,5.1050,306.71,Commodities/Energy/Crude Oil,0.5,,,,,0.0213
EEM,iShares MSCI EM ETF,Apr-07-2003,62.2250,-0.0566,-0.0566,65.73,34.07,28.17,21.79,18.22,-2324.48,0.00,3958.99,60.0166,59.0533,58.5519,57.4419,56.0935,54.8055,53.6322,52.6193,61.2188,59.0135,71.62,0.0955,0.0712,0.0295,0.1557,0.4784,0.5666,0.1479,0.8000,Global Emerging Markets Equity,65.9600,11.0778,27371.69,Equity/Broad Equity/Strategy,0.7,0.0103,0.0103,18.8,12.5,0.0195
EMB,iShares J.P. Morgan EM Bond ETF,Dec-17-2007,96.3050,-0.0153,-0.2260,61.56,10.71,7.53,5.95,5.78,-1495.40,386.24,787.06,95.3541,95.0499,95.3952,95.5544,95.2818,94.8806,94.4443,94.0414,95.9019,95.0499,67.41,0.0204,-0.0010,0.0126,0.0077,0.0877,0.1213,-0.1369,-0.1351,Emerging Markets Fixed Income,124.4300,62.9200,14529.35,Fixed Income/Sovereign/Broad Sovereign,0.6,0.0589,0.0585,,,0.0502
EMXC,iShares MSCI EM ex China ETF,Jul-18-2017,87.7950,-0.0121,-0.0121,66.98,37.71,31.27,23.88,19.34,2221.51,153.07,-597.62,84.1736,82.4727,80.9699,78.3041,75.7473,73.5831,71.7823,70.3286,86.1544,82.3893,72.65,0.1257,0.1365,0.0353,0.2587,0.6174,0.7420,0.4412,,Global Emerging Markets Equity,88.8700,31.1700,20442.47,Equity/Broad Equity/Size and Style,2.0,0.0137,0.0137,20.1,12.3,0.0233
ETHA,iShares Ethereum ETF,Jun-24-2024,17.8190,-0.5158,-0.5158,61.96,58.46,78.22,74.03,72.88,-228.33,129.85,7511.63,16.8676,16.5151,17.0749,19.1212,20.4212,21.2198,21.5534,21.1518,17.2761,16.5006,68.20,0.1214,-0.2824,0.0657,-0.4090,0.4654,,,,Alternative Miscellaneous,36.8000,10.9900,7121.43,Currency/Alternative Currency/Cryptocurrency,0.7,,,,,
EWA,iShares MSCI Australia,Mar-12-1996,30.2650,-0.0003,-0.1311,67.79,27.13,23.29,18.82,16.47,-24.91,-30.09,-370.39,29.4302,28.9613,28.5152,27.9723,27.5678,27.2442,26.9626,26.7316,29.9365,28.9370,74.17,0.0817,0.1356,0.0252,0.1255,0.2956,0.2901,0.1538,0.5224,Australia & New Zealand Equity,34.8300,7.3750,1421.22,Equity/Broad Equity/Strategy,0.5,0.0366,0.0366,22.8,17.9,0.0278
EWC,iShares MSCI Canada ETF,Mar-12-1996,58.1200,-0.0112,-0.0112,67.63,18.64,18.62,16.19,13.60,592.93,74.01,1224.30,56.6357,56.0623,55.6318,54.5592,53.2720,52.0266,50.8677,49.8123,57.3367,56.0369,74.23,0.0562,0.0525,0.0261,0.1405,0.4340,0.6395,0.6465,1.3977,Canadian Equity Large Cap,58.7800,8.0000,5111.00,Equity/Broad Equity/Strategy,0.8,0.0137,0.0137,20.5,16.8,0.0134
EWG,iShares MSCI Germany,Mar-12-1996,42.3750,-0.0510,-0.0510,61.75,29.34,22.99,18.42,16.61,-285.78,-61.93,-726.70,41.3141,40.9058,41.2971,41.6041,41.4626,41.0871,40.5870,40.0453,41.8969,40.9017,67.98,0.0636,-0.0200,0.0152,0.0203,0.1391,0.4542,0.2156,0.6424,Europe Equity Large Cap,44.6500,8.0700,1380.64,Equity/Broad Equity/Strategy,0.3,0.0155,0.0155,19.3,15.1,0.0160
EWH,iShares HK ETF,Mar-12-1996,23.6150,-0.0270,-0.1617,56.27,20.91,17.56,16.86,16.28,72.32,51.73,124.78,23.5369,23.3422,23.1442,22.7539,22.2947,21.8363,21.3968,21.0077,23.6927,23.3317,57.25,0.0376,0.0353,-0.0065,0.1197,0.4443,0.1381,-0.1318,0.1778,Greater China Equity,28.1700,5.3125,913.32,Equity/Broad Equity/Asia-Pacific,1.1,0.0267,0.0267,20.1,14.2,0.0467
EWJ,iShares Japan ETF,Mar-12-1996,89.0310,-0.0557,-0.0557,58.71,30.81,26.57,21.20,19.55,-151.10,487.12,2108.94,87.5558,86.6518,86.3048,85.1947,83.7242,82.2840,80.9771,79.8533,88.5436,86.6183,62.02,0.0680,0.0423,-0.0042,0.0952,0.3202,0.5235,0.2741,0.8895,Japan Equity,94.2800,24.7600,20132.47,Equity/Broad Equity/Strategy,0.6,0.0112,0.0112,19.5,12.8,0.0186
EWQ,iShares MSCI France,Mar-12-1996,46.2200,-0.0448,-0.0448,62.91,27.27,21.84,17.26,16.17,60.46,0.00,-2.47,45.3169,44.7254,44.7447,44.7356,44.4336,44.0460,43.6624,43.3512,45.9653,44.7046,67.91,0.0799,0.0181,0.0076,0.0405,0.1851,0.1755,0.2615,0.8881,Europe Equity Large Cap,48.3900,12.0100,435.67,Equity/Broad Equity/Strategy,0.9,0.0195,0.0195,20.1,15.2,0.0256
EWS,iShares MSCI Singapore,Mar-12-1996,29.3350,-0.0106,-0.0816,64.20,21.30,18.36,15.99,14.67,-6.06,-46.29,-83.81,28.8546,28.5362,28.3062,28.1554,27.8746,27.4814,27.0204,26.5311,29.1282,28.5176,68.74,0.0813,0.0458,0.0098,0.0436,0.3131,0.4704,0.2357,0.3274,Asia ex-Japan Equity,31.9400,6.1000,797.07,Equity/Broad Equity/Strategy,1.4,0.0274,0.0274,15.6,15.6,0.0384
EWU,iShares UK ETF,Mar-12-1996,47.8570,-0.0217,-0.1261,62.06,23.07,19.42,15.68,13.44,322.50,0.00,-364.61,47.2038,46.6648,46.2146,45.3573,44.4509,43.6064,42.8377,42.1774,47.7106,46.6380,65.94,0.0557,0.0614,0.0008,0.1389,0.3058,0.4256,0.4680,0.4965,UK Equity Large Cap,54.7600,17.7600,3533.18,Equity/Broad Equity/Strategy,1.4,0.0236,0.0236,19.8,13.3,0.0346
EWW,iShares Mexico ETF,Mar-12-1996,79.5890,-0.0252,-0.0252,62.28,30.03,30.89,24.87,21.50,-88.05,79.71,-176.30,77.9581,76.7411,75.7331,73.7218,71.5780,69.7559,68.3724,67.4266,78.9701,76.6779,66.53,0.1127,0.0865,0.0061,0.2083,0.5250,0.3298,0.7149,0.5163,Equity Miscellaneous,81.6499,6.8125,2260.52,Equity/Broad Equity/Strategy,1.6,0.0251,0.0251,17.3,10.7,0.0303
EWY,iShares MSCI Korea ETF,May-09-2000,144.5770,-0.0625,-0.0625,61.61,66.77,58.16,45.96,36.24,-211.74,14.07,8017.89,137.3932,133.8115,128.7532,118.9083,110.4429,103.7744,98.5783,94.6015,141.7240,133.6207,65.15,0.1645,0.3019,0.0322,0.6975,1.6586,1.2822,0.5384,1.7377,Korea Equity,154.2200,10.3200,18639.33,Equity/Broad Equity/Strategy,1.1,0.0027,0.0027,21.1,7.8,0.0141
EWZ,iShares MSCI Brazil,Jul-10-2000,41.6170,-0.0096,-0.5928,71.09,32.41,32.24,27.84,24.40,972.65,884.42,4859.96,40.2248,39.1380,37.7451,36.0143,34.6398,33.6199,32.8967,32.4591,41.1402,39.0674,76.75,0.1726,0.2475,0.0520,0.4194,0.6741,0.4175,0.1983,0.4556,Latin America Equity,102.2100,5.3500,11605.48,Equity/Broad Equity/Strategy,0.9,0.0481,0.0481,14.1,12.0,0.0396
EZA,iShares MSCI South Africa ETF,Feb-03-2003,73.0010,-0.1071,-0.1071,58.60,43.70,42.85,35.42,28.87,-195.21,0.00,281.01,71.1560,70.1390,70.5927,69.7049,67.7493,65.6772,63.7027,61.9628,72.4739,70.1232,63.33,0.0961,-0.0100,0.0025,0.1056,0.5499,0.6844,0.3990,0.3449,Equity Miscellaneous,81.7550,17.9650,786.13,Equity/Broad Equity/Strategy,1.7,0.0142,0.0142,15.3,10.0,0.0580
EZU,iShares Eurozone ETF,Jul-25-2000,67.3110,-0.0307,-0.0307,63.86,28.74,23.21,18.05,15.75,-359.90,0.00,-1172.66,65.7322,64.7709,64.6760,64.3103,63.4612,62.4794,61.5021,60.6231,66.8101,64.7354,69.04,0.0827,0.0211,0.0159,0.0858,0.2681,0.4500,0.3907,0.9426,Europe Equity Large Cap,69.4400,39.1200,9690.31,Equity/Broad Equity/Europe,1.2,0.0199,0.0199,19.8,15.5,0.0272
FXB,Invesco GBP Trust,Jun-21-2006,130.5150,-0.0195,-0.3827,62.88,8.54,7.88,6.80,6.83,-6.18,0.00,-6.15,129.2481,128.8578,128.9568,128.9881,128.8082,128.5089,128.1400,127.8320,129.8733,128.8481,68.79,0.0266,0.0149,0.0125,0.0138,0.0259,0.0940,-0.0191,-0.0604,Currency,211.4400,102.2000,64.70,Currency/Pound Sterling/Pound Sterling,1.5,,,,,0.0226
FXE,Invesco Euro Trust,Dec-09-2005,108.9390,-0.0233,-0.3213,65.58,6.87,7.72,6.00,7.03,16.00,16.01,73.24,107.9460,107.5300,107.5786,107.6256,107.3410,106.8924,106.4020,106.0015,108.4687,107.5157,72.21,0.0337,0.0180,0.0116,0.0140,0.0457,0.0728,-0.0289,-0.0115,Currency,160.5000,88.3700,470.81,Currency/Euro/Europe,0.3,,,,,0.0082
FXF,Invesco Swiss Franc ETF,Jun-21-2006,112.9450,-0.0288,-0.1927,59.25,7.33,9.59,7.79,8.41,11.30,22.40,244.38,112.0127,111.9042,112.2176,111.9960,111.4191,110.7193,109.9955,109.3739,112.4652,111.9159,65.63,0.0122,0.0268,0.0120,0.0161,0.0468,0.1327,0.1464,0.1356,Currency,139.9100,78.4300,537.09,Currency/Swiss Franc/Swiss Franc,0.7,,,,,
FXI,iShares China Large ETF,Oct-05-2004,36.9150,-0.1211,-0.4956,57.83,23.23,20.61,19.23,20.26,-43.49,0.00,-155.14,36.2911,36.1857,36.8416,37.6093,37.7423,37.5034,37.0334,36.4594,36.5865,36.1959,64.40,0.0186,-0.0771,0.0155,-0.0725,0.1126,0.2858,-0.2087,0.0706,Greater China Equity,73.1867,16.7333,6117.63,Equity/Size and Style/Large Cap,0.8,0.0175,0.0175,12.2,10.9,0.0251
FXY,Invesco Yen Trust,Feb-12-2007,57.7250,-0.1206,-0.5567,47.23,8.13,9.12,8.00,9.55,-17.34,0.00,-256.24,57.6928,57.7654,58.1475,58.7406,59.2618,59.6602,59.9482,60.2009,57.7051,57.7773,49.03,0.0032,-0.0041,-0.0030,-0.0506,-0.1041,-0.1713,-0.3342,-0.3516,Currency,130.2200,57.1700,467.54,Currency/Japanese Yen/Japanese Yen,2.2,,,,,
GDX,VanEck Gold Miners ETF,May-16-2006,98.2930,-0.1611,-0.1611,54.76,54.94,61.37,53.15,44.48,-561.59,-44.29,423.70,96.8310,95.4443,95.6467,91.9453,86.7714,81.8499,77.4652,73.6897,98.5763,95.4310,57.47,0.0540,0.0122,0.0012,0.2065,0.9452,1.8012,1.7525,3.4276,Precious Metals Sector Equity,117.1750,12.4000,31176.80,Equity/Sector/Materials,1.1,0.0034,0.0034,23.2,13.0,0.0064
GLD,Gold Trust ETF,Nov-18-2004,440.6360,-0.1355,-0.1355,51.64,35.50,41.95,34.05,27.50,-4008.69,-697.14,12033.88,435.7856,436.0706,439.1155,425.9961,408.7501,392.4527,377.6245,364.3325,438.9939,436.3229,54.40,-0.0438,0.0409,0.0141,0.1374,0.4797,1.3644,1.6649,2.7367,Commodities Specified,509.7000,41.0200,161758.92,Commodities/Precious Metals/Gold,1.1,,,,,
GSG,iShares GSCI Commodity Trust,Jul-10-2006,31.1780,-0.0843,-0.5929,52.51,41.86,34.38,26.28,21.42,-50.85,-74.38,-311.08,31.5672,31.2503,29.3445,27.2849,26.1297,25.3813,24.8506,24.4424,31.3810,31.1925,48.74,0.0019,0.3094,0.0025,0.3802,0.4804,0.4861,1.1340,1.1941,Commodities Broad Basket,76.5800,7.5001,945.43,Commodities/Broad Commodities/Broad Commodities,1.2,,,,,
HEFA,iShares Currency Hedged EAFE ETF,Jan-31-2014,44.5360,-0.0152,-0.0152,63.01,20.45,17.17,13.66,12.93,-22.33,0.00,-1951.15,43.9228,43.4393,43.1119,42.5187,41.8305,41.1763,40.5797,40.0440,44.3770,43.4155,66.98,0.0519,0.0309,0.0028,0.1059,0.2947,0.4850,0.3235,0.8305,Global Equity Large Cap,45.2250,26.9300,7200.44,Equity/Strategy/Target Risk,0.9,0.0305,0.0305,,,0.0311
HYG,iShares High Yield Bond ETF,Apr-04-2007,80.4250,-0.0115,-0.2446,58.15,7.14,5.19,4.21,4.16,1743.46,716.57,1356.50,80.0494,79.8797,80.0356,80.2433,80.2669,80.1999,80.0770,79.9308,80.2744,79.8767,61.87,0.0155,-0.0076,0.0029,-0.0046,0.0400,0.0683,-0.0806,-0.0250,US Fixed Income,106.4700,61.5000,17112.85,Fixed Income/Corporate/High Yield,1.3,0.0670,0.0668,,,0.0573
IBIT,iShares Bitcoin ETF,Jan-05-2024,42.1640,-0.4129,-0.4129,59.85,37.16,57.86,51.75,43.72,1011.62,685.52,24107.75,40.8357,40.2927,41.4120,45.1538,47.8429,49.2867,49.7087,49.5465,41.5619,40.2773,65.83,0.0444,-0.2192,0.0431,-0.3325,-0.1168,,,,,71.8200,22.0200,58977.38,Currency/Alternative Currency/Cryptocurrency,0.8,,,,,
IEF,iShares 7-10 Year Treasury ETF,Jul-22-2002,95.6150,-0.0248,-0.2252,50.44,6.33,5.30,4.56,5.00,514.92,-973.19,13880.08,95.4418,95.4911,95.8323,96.0410,96.0239,95.9274,95.8043,95.7258,95.5409,95.5037,52.90,0.0003,-0.0071,0.0016,-0.0153,0.0114,-0.0334,-0.1657,-0.1352,US Fixed Income,123.4100,79.5200,48759.34,Fixed Income/U.S. Government/Treasury,0.6,0.0407,0.0413,,,0.0379
IGOV,iShares Int'l Treasury ETF,Jan-21-2009,41.9900,-0.0323,-0.2567,59.01,12.08,10.02,7.80,8.60,-39.08,-14.34,542.48,41.5775,41.4737,41.6625,41.8398,41.8563,41.7868,41.6747,41.5779,41.7866,41.4758,64.48,0.0292,0.0113,0.0074,-0.0141,0.0174,0.0448,-0.2082,-0.1413,Global Fixed Income,56.4950,35.4700,1167.51,Fixed Income/Sovereign/Broad Sovereign,0.2,0.0289,0.0296,,,0.0140
ILF,iShares Latin America 40 ETF,Oct-25-2001,37.9600,-0.0118,-0.3836,67.75,30.36,31.14,25.41,21.43,478.25,352.19,2510.69,36.9779,36.1432,35.1881,33.7564,32.4737,31.4594,30.6925,30.1646,37.6788,36.0924,73.17,0.1451,0.1694,0.0318,0.3572,0.6584,0.5136,0.3222,0.4538,Latin America Equity,61.5800,6.1220,5076.05,Equity/Size and Style/Large Cap,0.7,0.0186,0.0186,14.5,10.7,0.0352
INDA,iShares MSCI India ETF,Feb-02-2012,49.9710,-0.1078,-0.1600,59.75,26.66,20.87,16.44,15.07,-1612.46,-316.17,-1873.41,48.7796,48.5034,49.5638,50.8904,51.5601,51.9210,52.1065,52.2397,49.4041,48.5184,66.53,0.0398,-0.0610,0.0142,-0.0705,-0.0227,0.2443,0.2158,0.8211,India Equity,59.4900,18.7600,6282.10,Equity/Broad Equity/Strategy,0.9,0.0039,0.0039,23.0,20.9,
ITA,iShares U.S. Aerospace & Defense ETF,May-01-2006,233.7980,-0.0672,-0.0672,55.43,29.09,25.39,23.12,19.67,-154.00,45.65,4005.23,229.9076,228.9280,229.6104,225.2786,219.0118,212.5996,206.4684,200.7923,232.4071,228.9665,58.55,0.0194,-0.0307,0.0070,0.1258,0.5554,1.0341,1.2075,2.9106,Industrials Sector Equity,250.6500,102.0200,14415.52,Equity/Sector/Industrials,1.2,0.0032,0.0032,46.5,38.7,0.0046
ITB,iShares U.S. Home ETF,May-01-2006,94.0140,-0.2033,-0.2762,49.07,31.92,28.05,27.87,29.22,100.72,76.22,104.95,93.4021,93.5457,96.8685,99.3702,100.3174,100.8600,101.1672,101.5050,94.2461,93.6460,52.23,0.0100,-0.1407,0.0057,-0.0904,0.0548,0.3360,0.3217,2.3794,Consumer Goods & Services Sector Equity,129.8900,58.6800,2606.87,Equity/Sector/Consumer Discretionary,1.1,0.0057,0.0057,15.6,15.6,0.0121
IWM,iShares Russell 2000 ETF,May-22-2000,268.9460,-0.0098,-0.0098,67.51,23.62,21.84,20.16,19.64,457.22,34.90,-6225.48,260.7110,256.8755,255.6073,253.0482,249.0460,245.0985,241.4618,238.0578,265.1376,256.7111,73.89,0.0907,0.0129,0.0325,0.0744,0.4401,0.5237,0.1991,1.3917,US Equity Small Cap,271.5950,32.3000,75214.36,Equity/Size and Style/Small Cap,1.0,0.0108,0.0108,203.1,26.6,0.0092
LQD,iShares iBoxx IG Corporate Bond ETF,Jul-22-2002,109.9080,-0.0268,-0.2115,55.63,8.02,6.34,5.42,5.74,777.96,2274.06,3647.89,109.4133,109.2916,109.6764,110.0378,110.0753,109.9932,109.8621,109.7650,109.6759,109.2975,59.65,0.0161,-0.0089,0.0038,-0.0196,0.0325,0.0047,-0.1672,-0.0807,US Fixed Income,139.3800,76.0500,33226.85,Fixed Income/Corporate/Investment Grade,0.9,0.0515,0.0518,,,0.0449
MBB,iShares MBS ETF,Mar-13-2007,95.2830,-0.0173,-0.1735,52.91,6.40,4.88,4.28,4.73,-123.63,0.00,1458.00,95.0771,95.0367,95.2277,95.2466,95.0813,94.8740,94.6615,94.4937,95.2144,95.0420,55.44,0.0040,-0.0039,0.0023,-0.0026,0.0289,0.0090,-0.1238,-0.1289,US Fixed Income,115.2800,85.2800,38935.39,Fixed Income/U.S. Government/Agency MBS,0.5,0.0410,0.0411,,,0.0421
MLPX,Global X MLP & Energy ETF,Aug-06-2013,70.9550,-0.0713,-0.0713,39.51,15.00,14.97,14.54,14.97,56.17,-7.38,129.13,72.4409,72.7046,70.9123,67.9567,66.1785,64.9314,63.8586,62.7708,71.7880,72.6847,32.43,-0.0166,0.1554,-0.0315,0.1925,0.1893,0.7302,1.1954,1.0146,Energy Sector Equity,76.4000,13.2903,3187.79,Equity/Sector/Energy,0.9,,0.0422,19.6,18.2,0.0423
MTUM,iShares USA Momentum ETF,Apr-16-2013,268.8340,-0.0055,-0.0055,68.45,28.32,25.76,21.60,18.59,7.80,101.96,3814.94,259.6966,254.2489,251.4751,250.5783,248.4152,245.3309,241.7453,237.8712,265.3766,253.9665,73.52,0.1043,0.0452,0.0354,0.0548,0.3516,0.8712,0.5318,2.6666,US Equity Large Cap Blend,270.3300,132.0500,22848.23,Equity/Broad Equity/Strategy,1.2,0.0057,0.0057,35.1,21.9,0.0073
PALL,abrdn Palladium ETF,Dec-30-2009,142.8770,-0.2762,-0.5209,53.11,51.66,59.38,60.12,49.14,-97.46,21.75,-117.56,139.8139,139.2072,143.6563,143.0636,138.3997,133.4744,129.0541,125.4010,142.0067,139.3235,56.83,0.0150,-0.1368,0.0031,0.0143,0.6095,0.0263,-0.4438,1.6130,Commodities Specified,298.2100,38.4900,870.02,Commodities/Precious Metals/Palladium,1.2,,,,,
PFF,iShares Preferred Income ETF,Mar-26-2007,31.3350,-0.0288,-0.3804,64.59,9.46,8.01,7.23,7.04,-225.33,45.20,-410.90,30.8785,30.7935,30.9531,31.0927,31.1425,31.1746,31.1932,31.2190,31.0729,30.7954,71.96,0.0217,-0.0152,0.0194,-0.0059,0.0695,-0.0008,-0.1936,-0.1916,US Fixed Income,50.5700,14.1000,13861.49,Equity/Strategy/Preferred Stock,0.7,0.0634,0.0634,21.7,11.1,0.0622
PPLT,abrdn Platinum ETF,Dec-30-2009,192.9310,-0.2626,-0.2626,56.80,43.98,67.34,62.11,49.42,-222.80,0.00,-97.57,186.2550,184.8082,187.3621,182.0055,172.7888,163.9721,156.3094,149.8673,189.4715,184.8666,61.72,0.0495,-0.1177,0.0422,0.2756,1.1934,0.9989,0.7217,1.0371,Commodities Specified,261.6200,55.0000,2605.88,Commodities/Precious Metals/Platinum,0.7,,,,,
QQQ,QQQ Trust,Mar-10-1999,635.6540,-0.0021,-0.0021,70.34,23.13,19.70,17.89,17.06,940.07,4043.64,10199.30,610.2072,602.0812,602.0467,602.5115,596.8673,588.6783,579.6392,570.1457,621.4846,601.7820,77.32,0.0706,0.0223,0.0488,0.0555,0.3879,0.9953,0.8608,4.7452,US Equity Large Cap Growth,637.0100,19.7600,408518.03,Equity/Size and Style/Large Cap,1.3,0.0047,0.0053,36.7,24.0,0.0045
RSP,Invesco S&P 500 Equal Weight ETF,Apr-24-2003,199.9370,-0.0258,-0.0258,61.48,15.55,13.75,12.59,12.79,-53.99,-882.91,5331.42,196.9424,195.9261,196.2827,195.1669,193.2712,191.3204,189.3725,187.4606,198.5564,195.9152,66.83,0.0332,0.0019,0.0100,0.0587,0.2224,0.3822,0.3648,1.5248,US Equity Large Cap Blend,205.2400,20.1900,86886.53,Equity/Size and Style/Large Cap,1.5,0.0169,0.0169,28.2,17.5,0.0141
SCHF,Schwab Intl Equity ETF,Nov-03-2009,26.5100,-0.0243,-0.0243,64.03,28.18,22.40,17.52,14.81,953.07,0.00,4611.45,25.9085,25.5652,25.3824,24.9799,24.4958,24.0286,23.6015,23.2357,26.2922,25.5507,69.01,0.0768,0.0583,0.0126,0.1281,0.3546,0.4852,0.3567,0.9189,Global Equity Large Cap,27.1700,10.7550,62670.26,Equity/Broad Equity/Size and Style,0.8,0.0258,0.0232,20.3,14.0,0.0310
SHV,iShares Short Treasury ETF,Jan-05-2007,110.2250,-0.0025,-0.0245,50.24,0.15,0.15,0.15,0.20,441.34,-338.27,-1912.28,110.2055,110.2177,110.2336,110.2463,110.2543,110.2594,110.2627,110.2668,110.2061,110.2186,51.68,-0.0000,-0.0005,0.0007,-0.0006,-0.0004,-0.0003,-0.0026,-0.0013,US Fixed Income,112.9900,108.6800,20908.30,Fixed Income/U.S. Government/Treasury,1.0,0.0351,0.0353,,,0.0393
SHY,iShares 1-3 Year Treasury ETF,Jul-22-2002,82.5050,-0.0084,-0.0495,50.03,1.90,1.52,1.27,1.42,1030.03,296.57,1685.82,82.4486,82.4706,82.6003,82.6952,82.7123,82.6948,82.6568,82.6177,82.4745,82.4751,52.88,-0.0005,-0.0037,0.0010,-0.0058,-0.0013,0.0062,-0.0436,-0.0297,US Fixed Income,86.8000,79.2600,25660.34,Fixed Income/U.S. Government/Treasury,0.5,0.0363,0.0372,,,0.0382
SLV,Silver Trust ETF,Apr-21-2006,71.7630,-0.3466,-0.3466,55.12,58.12,95.82,77.36,57.36,-717.65,9.58,1261.78,68.8579,68.7309,70.1414,66.8135,62.0967,57.9263,54.4324,51.5324,70.1264,68.7985,60.44,-0.0128,-0.1387,0.0636,0.4849,1.4401,2.0786,1.9864,3.6418,Commodities Specified,109.8300,8.4500,38053.64,Commodities/Precious Metals/Silver,1.0,,,,,
SPY,SPDR S&P 500 ETF,Jan-22-1993,699.4450,-0.0001,-0.0001,69.12,19.02,15.51,13.42,13.28,1198.06,5837.28,-18141.22,678.3429,671.4285,672.6324,672.5056,666.5938,658.5644,649.7389,640.5249,688.2015,671.2208,76.14,0.0561,0.0104,0.0347,0.0515,0.3010,0.6958,0.6819,2.3663,US Equity Large Cap Blend,699.5380,42.8125,703040.72,Equity/Size and Style/Large Cap,1.1,,0.0104,29.1,21.5,0.0104
TIP,iShares TIPS ETF,Dec-04-2003,111.4650,-0.0071,-0.1515,61.85,4.89,3.72,3.35,3.74,47.02,321.75,326.45,111.0552,110.8976,110.8262,110.7536,110.6351,110.4703,110.2706,110.0867,111.2796,110.8920,66.98,0.0068,0.0112,0.0050,-0.0016,0.0275,0.0148,-0.1190,-0.0251,US Fixed Income,131.3700,84.1400,14408.17,Fixed Income/U.S. Government/TIPS,1.2,0.0584,0.0636,,,0.0368
TLT,iShares 20+ Year Treasury ETF,Jul-22-2002,86.8800,-0.0575,-0.5165,48.53,11.09,10.35,9.09,10.41,-1637.86,-0.15,-6079.81,86.7823,86.8959,87.4253,87.8468,88.0661,88.2676,88.4832,88.7983,86.8604,86.9164,50.06,0.0039,-0.0162,-0.0005,-0.0417,-0.0107,-0.1732,-0.3810,-0.3412,US Fixed Income,179.7000,80.5100,42476.07,Fixed Income/U.S. Government/Treasury,0.5,0.0484,0.0488,,,0.0444
UNG,US Natural Gas ETF,Apr-18-2007,10.6050,-0.4450,-0.9987,34.31,37.93,85.74,74.90,62.83,49.21,38.37,109.72,11.0007,11.3665,11.9040,12.4125,12.8605,13.2810,13.6727,14.0055,10.7425,11.3939,29.36,-0.1610,0.0296,-0.0429,-0.1073,-0.3891,-0.6037,-0.7295,-0.8979,Commodities Specified,8177.9200,9.9500,450.93,Commodities/Energy/Natural Gas,0.8,,,,,
URA,Global X Uranium ETF,Nov-04-2010,54.9090,-0.1184,-0.5918,64.15,47.06,56.73,54.58,48.30,-65.30,15.19,1495.29,51.3199,50.4953,50.5903,49.8015,48.1796,46.4309,44.8108,43.3872,52.6534,50.4769,70.67,0.1140,0.0403,0.0683,-0.0551,1.4157,1.7648,1.8421,2.4687,Natural Resources Sector Equity,134.5200,6.9455,7208.95,Equity/Sector/Energy,2.6,,-0.0044,,63.7,0.0380
USMV,iShares MSCI USA Min Vol ETF,Oct-18-2011,94.0390,-0.0411,-0.0411,52.03,11.91,9.56,8.85,9.43,39.80,-63.58,-1221.64,93.4673,93.5772,94.2027,94.3807,94.2248,93.9055,93.4319,92.8725,93.6549,93.6040,55.22,-0.0108,-0.0057,-0.0009,-0.0022,0.0351,0.2768,0.3096,1.1305,US Equity Large Cap Blend,98.0700,68.7700,22714.58,Equity/Broad Equity/Volatility,1.7,0.0134,0.0134,24.1,19.3,0.0156
USO,US Oil Fund,Apr-10-2006,122.8340,-0.1469,-0.8712,53.67,75.60,61.92,47.72,40.40,-622.45,375.55,261.04,126.0960,122.5047,108.2824,95.3547,89.1672,85.6426,83.4122,81.8501,125.4256,122.0053,49.79,0.0246,0.7269,-0.0140,0.7805,0.8477,0.7039,1.8388,0.4980,Commodities Specified,953.3600,16.8800,2231.61,Commodities/Energy/Crude Oil,0.5,,,,,
UUP,Invesco DB US Dollar Bull Fund,Feb-20-2007,27.2950,-0.0406,-0.1126,39.09,6.93,7.51,5.99,6.87,25.19,-184.14,99.91,27.4986,27.5556,27.4888,27.4854,27.5376,27.6080,27.6787,27.7273,27.3938,27.5552,32.80,-0.0213,-0.0049,-0.0085,-0.0192,-0.0078,-0.0139,0.1060,0.1123,Trading Tools,30.7600,20.8400,412.55,Currency/Basket/Developed Markets Basket,0.7,,,,,0.0340
VGK,Vanguard FTSE Europe ETF,Mar-04-2005,88.0250,-0.0300,-0.0300,63.59,25.68,20.73,16.36,14.39,-1173.78,-167.38,3053.85,86.1017,85.0058,84.9110,84.2505,83.0674,81.8020,80.5865,79.5298,87.3724,84.9687,69.02,0.0714,0.0246,0.0148,0.0973,0.2667,0.3963,0.3359,0.7946,Europe Equity Large Cap,90.7450,26.4500,30803.72,Equity/Broad Equity/Strategy,0.9,,,19.8,15.4,0.0264
VT,Vanguard Total World ETF,Jun-24-2008,148.5690,-0.0034,-0.0034,67.70,21.85,17.61,14.45,13.11,2468.57,1011.45,13064.35,144.4123,142.7679,142.6057,141.8173,140.0576,138.0412,135.9952,134.0150,146.5592,142.7110,74.52,0.0649,0.0251,0.0276,0.0764,0.3233,0.5958,0.4646,1.5466,Global Equity Large Cap,149.0700,24.3600,68426.84,Equity/Broad Equity/Strategy,0.8,,,24.7,17.7,0.0169
VYMI,Vanguard Int'l High Div ETF,Feb-25-2016,99.4570,-0.0222,-0.0222,66.23,21.01,18.22,14.26,12.41,103.51,1.57,5906.76,97.5426,96.3954,95.4875,93.4273,91.2258,89.2057,87.3971,85.8415,98.7457,96.3426,72.57,0.0687,0.0740,0.0125,0.1777,0.3771,0.5543,0.4840,0.7982,Global Equity Large Cap,101.7100,39.3300,18945.97,Equity/Strategy/High Dividend Yield,0.6,,,15.4,12.1,0.0344
WEAT,Teucrium Wheat ETF,Sep-16-2011,22.5560,-0.0737,-0.8261,50.27,24.78,26.60,22.47,20.93,57.62,-20.28,48.61,22.5005,22.5823,22.2313,21.8033,21.7434,21.8785,22.1083,22.4090,22.4203,22.5796,49.43,-0.0373,0.1239,0.0138,0.1194,-0.0463,-0.3509,-0.2896,-0.4868,Commodities Specified,129.7000,19.7800,257.52,Commodities/Agriculture/Wheat,0.4,,,,,
XLB,Materials SPDR ETF,Dec-16-1998,51.4250,-0.0501,-0.0501,57.45,20.44,20.06,17.88,16.88,604.18,378.31,6231.27,51.1952,50.6862,50.1652,49.0010,48.0718,47.4114,46.9102,46.5578,51.6294,50.6620,59.02,0.0454,0.0503,-0.0063,0.1594,0.2724,0.2709,0.2593,1.2344,Natural Resources Sector Equity,54.1400,8.2650,7404.50,Equity/Sector/Materials,2.8,,0.0173,48.4,19.7,0.0167
XLE,Energy SPDR ETF,Dec-16-1998,55.9950,-0.1176,-0.1176,39.01,24.67,21.95,21.05,19.95,-108.88,-166.63,29900.08,57.6797,58.1366,56.3240,53.0996,51.0381,49.6995,48.7814,48.1135,56.7768,58.1222,32.49,-0.0295,0.1761,-0.0354,0.2974,0.4167,0.2838,1.2953,0.7625,Energy Sector Equity,63.4600,9.6900,39026.57,Equity/Sector/Energy,1.0,,0.0263,21.6,15.0,0.0257
XLF,Financial SPDR ETF,Dec-16-1998,52.3050,-0.0745,-0.0745,65.79,17.95,18.62,16.56,15.49,2606.94,-371.56,-2612.22,50.9731,50.4973,50.9497,51.7107,51.8908,51.7380,51.3693,50.8366,51.5895,50.4861,72.23,0.0699,-0.0380,0.0216,-0.0176,0.1065,0.5908,0.4881,1.2841,Financials Sector Equity,56.5150,5.8800,50539.19,Equity/Sector/Financials,1.1,,0.0141,17.2,15.3,0.0141
XLI,Industrial SPDR ETF,Dec-16-1998,171.0830,-0.0459,-0.0459,56.95,23.00,19.71,16.97,15.33,410.27,411.58,4418.84,169.3969,167.9590,167.2383,164.3503,161.1866,158.2340,155.4507,152.8308,171.2600,167.9179,59.27,0.0391,0.0320,0.0038,0.1211,0.3540,0.7137,0.6952,2.0523,Industrials Sector Equity,179.3050,15.1400,30447.03,Equity/Sector/Industrials,2.0,,0.0105,31.7,27.3,0.0125
XLK,Tech Sector SPDR ETF,Dec-16-1998,149.6510,-0.0219,-0.0219,70.10,27.54,26.10,22.96,21.17,-40.67,234.09,97193.51,142.7351,140.2675,139.8855,140.0629,138.6548,136.5924,134.3651,132.1162,145.9087,140.1619,76.90,0.0939,0.0288,0.0562,0.0528,0.4899,1.0135,1.0882,5.7502,Technology Sector Equity,152.9950,5.7000,94515.21,Equity/Sector/Information Technology,1.1,,0.0053,38.1,22.1,0.0051
XLP,Consumer Staples SPDR ETF,Dec-16-1998,81.1450,-0.0998,-0.0998,40.03,15.29,14.91,13.87,12.72,-1622.69,145.77,-1734.48,81.9108,82.4337,83.2075,82.6299,82.0679,81.6533,81.2702,80.9257,81.6784,82.4905,39.25,-0.0424,-0.0149,-0.0198,0.0242,0.0014,0.0793,0.1691,0.5300,Consumer Goods & Services Sector Equity,90.1400,17.8200,14387.29,Equity/Sector/Consumer Staples,1.1,,0.0266,30.4,19.4,0.0261
XLRE,Real Estate SPDR ETF,Oct-07-2015,43.3560,-0.0162,-0.1689,66.90,17.22,15.18,13.72,13.79,65.14,-42.23,291.18,42.5230,42.1637,42.0314,41.8617,41.7686,41.6985,41.5920,41.4842,43.0162,42.1519,73.54,0.0262,0.0397,0.0216,0.0347,0.0883,0.1846,0.0488,0.3502,Real Estate Sector Equity,52.1700,24.8800,7786.66,Real Estate/Sector/Real Estate,0.8,,0.0347,38.1,36.8,0.0323
XLU,Utilities SPDR ETF,Dec-16-1998,46.0650,-0.0363,-0.0363,48.50,17.15,15.76,14.58,14.15,483.71,182.24,25907.51,46.3764,46.2722,45.7962,45.0468,44.4191,43.8155,43.1909,42.5756,46.4000,46.2617,46.05,-0.0191,0.0563,-0.0153,-0.0083,0.1860,0.3373,0.3819,0.8844,Utilities Sector Equity,47.8000,7.4500,25128.78,Equity/Sector/Utilities,1.2,,0.0254,22.8,19.4,0.0250
XLV,Health Care SPDR ETF,Dec-16-1998,147.7840,-0.0797,-0.0797,46.85,15.93,15.24,14.30,16.04,590.39,490.19,1149.49,147.7790,148.1324,150.3887,150.6553,149.4947,148.3687,147.4430,146.8465,148.0607,148.2139,48.71,-0.0134,-0.0585,-0.0126,0.0366,0.0733,0.0982,0.2256,1.1106,Healthcare Sector Equity,160.5900,21.0000,39460.78,Equity/Sector/Health Care,0.9,,0.0170,29.6,18.0,0.0165
XLY,Consumer Discretionary SPDR ETF,Dec-16-1998,118.2220,-0.0543,-0.0543,65.39,26.76,21.15,19.59,19.47,-379.66,113.98,23274.86,113.1165,112.1222,113.6025,115.1576,115.1160,114.3890,113.3134,111.8764,115.1096,112.1224,71.79,0.0664,-0.0365,0.0668,0.0075,0.2517,0.6096,0.3247,1.9745,Consumer Goods & Services Sector Equity,125.0100,7.9250,22540.53,Equity/Sector/Consumer Discretionary,1.2,,0.0076,37.1,26.7,0.0078
XME,SPDR S&P Metals ETF,Jun-19-2006,116.0140,-0.1449,-0.1449,59.61,32.60,39.42,38.39,32.72,235.16,175.42,1681.25,112.8570,111.6947,112.2065,109.2622,104.4542,99.8000,95.7161,92.2478,114.5240,111.6840,65.55,0.0641,-0.0622,0.0235,0.0749,1.1350,1.2136,1.8400,4.1654,Natural Resources Sector Equity,135.6764,11.3800,4917.53,Equity/Sector/Materials,1.0,,0.0027,,20.2,0.0028
XOP,SPDR S&P Oil & Gas ETF,Jun-19-2006,164.8600,-0.1340,-0.5096,43.15,32.60,30.50,27.76,26.92,63.56,-231.28,356.68,170.4335,171.3730,163.3741,152.7935,146.9207,143.4843,141.4607,140.2109,167.2545,171.2333,37.45,-0.0180,0.2654,-0.0398,0.3091,0.5415,0.2265,1.0919,0.2658,Energy Sector Equity,336.1600,29.4800,3113.48,Equity/Sector/Energy,0.7,,0.0175,28.2,10.4,0.0195